#;Title;Slug;Published Date;Last Modified
1;Madrid – Humanes;madrid-humanes;02/03/2026;02/03/2026
2;Murcia Estación;murcia-estacion;25/02/2026;26/02/2026
3;Madrid-Doctor Castelo;madrid-doctor-castelo;23/02/2026;25/02/2026
4;Oporto – Puente Luis I;oporto-puente-luis-i;19/02/2026;23/02/2026
5;Figueira da Foz Boat Cais;figueira-da-foz-boat-cais;16/02/2026;18/02/2026
6;Sevilla Rioja II;sevilla-rioja-ii;13/02/2026;16/02/2026
7;Mallorca Inca;mallorca-inca;11/02/2026;18/02/2026
8;Madrid Pau de Carabanchel;madrid-pau-carabanchel;03/02/2026;16/02/2026
9;Madrid Juan de Olías;madrid-juan-de-olias;02/02/2026;06/02/2026
10;Valencia – Goya;valencia-goya;02/02/2026;16/02/2026
11;Málaga – El Limonar;malaga-el-limonar;29/01/2026;03/02/2026
12;Madrid Brunete Ensanche;madrid-brunete-ensanche;27/01/2026;27/01/2026
13;Madrid Brunete Nuevo;madrid-brunete-nuevo;27/01/2026;27/01/2026
14;Madrid-Elcano;madrid-elcano;26/01/2026;26/02/2026
15;Madeira-Aurora;madeira-aurora;22/01/2026;27/01/2026
16;Madrid Carabanchel;madrid-carabanchel;14/01/2026;14/01/2026
17;Oporto-Río Duero II;oporto-rio-duero-ii;14/01/2026;15/01/2026
18;Oporto;oporto-3;30/12/2025;20/02/2026
19;Sevilla Rioja;sevilla-rioja;29/12/2025;05/01/2026
20;Murcia San Pedro del Pinatar II;murcia-san-pedro-del-pinatar-ii;22/12/2025;23/12/2025
21;Valencia-La Cañada III;valencia-la-canada-iii;22/12/2025;22/12/2025
22;Madrid Orion Ahijones;madrid-orion-ahijones;17/12/2025;18/12/2025
23;Barcelona-Premià de Dalt III;barcelona-premia-de-dalt-iii;17/12/2025;18/12/2025
24;Madrid Nova Este;madrid-nova-este;16/12/2025;24/12/2025
25;Madrid Nivaria Los Cerros;madrid-nivaria-los-cerros;11/12/2025;11/12/2025
26;Madrid – Atlas Ahijones;madrid-atlas-ahijones;01/12/2025;05/12/2025
27;Madrid Parque Valdebebas;madrid-parque-valdebebas;26/11/2025;01/12/2025
28;Madrid Brunete Sur;madrid-brunete-sur;25/11/2025;02/12/2025
29;Madrid Sirio Este;madrid-sirio-valdecarros;21/11/2025;24/11/2025
30;Madrid Brunete;madrid-brunete;19/11/2025;21/11/2025
31;Murcia-Santa Rosalía Resort;murcia-santa-rosalia-resort;18/11/2025;20/11/2025
32;Madrid Valdemoro;madrid-valdemoro;13/11/2025;14/11/2025
33;Madrid Valdemoro Hogares;madrid-iva-valdemoro;13/11/2025;24/11/2025
34;Madrid Ilex Cobeña;madrid-ilex-cobena;13/11/2025;17/11/2025
35;Madrid Barrio de Salamanca;madrid-barrio-de-salamanca;05/11/2025;13/11/2025
36;Ibiza San Antonio;ibiza-san-antonio;05/11/2025;13/11/2025
37;Sevilla – Los Remedios;sevilla-los-remedios;24/10/2025;28/10/2025
38;Málaga-Distrito Zeta;malaga-distrito-zeta;22/10/2025;23/10/2025
39;Madrid Los Cerros;madrid-los-cerros;20/10/2025;20/10/2025
40;Murcia San Pedro del Pinatar;murcia-san-pedro-del-pinatar;10/10/2025;02/02/2026
41;Madrid Los Ahijones;madrid-los-ahijones;08/10/2025;09/10/2025
42;Madrid – Maestro Lassalle;madrid-maestro-lassalle;02/10/2025;06/10/2025
43;Madrid Brezal Los Berrocales;madrid-brezal-los-berrocales;30/09/2025;09/10/2025
44;Madrid;madrid-espana;25/09/2025;29/10/2025
45;Alentejo Sines II;alentejo-sines-ii;24/09/2025;25/09/2025
46;Madrid-Barajas;madrid-barajas;20/09/2025;23/09/2025
47;Marbella-La Heredia;marbella-la-heredia;15/09/2025;19/09/2025
48;Alicante-Teulada;alicante-teulada;04/09/2025;09/09/2025
49;Madrid-Conde de Vilches II;madrid-conde-de-vilches-ii;02/09/2025;03/09/2025
50;Barcelona-Sant Pere de Ribes;barcelona-sant-pere-de-ribes;26/08/2025;29/08/2025
51;Murcia-Santa Rosalía Lake II;murcia-santa-rosalia-lake-ii;20/08/2025;25/08/2025
52;Alentejo-Sines;alentejo-sines-portugal;01/08/2025;12/08/2025
53;Madrid-Maestro Lassalle-;madrid-senior-living-ml6;31/07/2025;03/10/2025
54;Estepona-Santa María;estepona-santa-maria;30/07/2025;31/07/2025
55;Marbella – Los Naranjos III;marbella-los-naranjos-iii;30/07/2025;21/08/2025
56;Valencia-Patraix;valencia-patraix;24/07/2025;30/07/2025
57;Mallorca – Terra Calma II;mallorca-terra-calma-ii;18/07/2025;21/07/2025
58;Madrid-Tempranales;madrid-tempranales;17/07/2025;22/07/2025
59;Lisboa-Marqués de Pombal;lisboa-marques-de-pombal;08/07/2025;28/07/2025
60;Madrid Pozuelo El Paular;madrid-pozuelo-el-paular;04/07/2025;04/07/2025
61;Tenerife-Costa Adeje;tenerife-costa-adeje;01/07/2025;01/07/2025
62;Sevilla-Guadalquivir;sevilla-guadalquivir;27/06/2025;01/07/2025
63;Madrid-Sierra Elvira;madrid-sierra-elvira-3;25/06/2025;27/06/2025
64;Borrar;madrid-sierra-elvira-2;24/06/2025;25/06/2025
65;Oporto-Río Duero;oporto-rio-duero;17/06/2025;24/06/2025
66;Huelva-La Florida;huelva-la-florida;12/06/2025;18/06/2025
67;Madrid-Iris Los Berrocales;madrid-iris-los-berrocales;11/06/2025;10/09/2025
68;Madrid-Conde de Vilches;madrid-conde-de-vilches;09/06/2025;11/06/2025
69;Madrid-Avenida Felipe II;madrid-avenida-felipe-ii;30/05/2025;03/06/2025
70;Madrid-Reyes Católicos;madrid-reyes-catolicos;28/05/2025;04/06/2025
71;Lisboa-Loures (II);lisboa-loures-2;27/05/2025;16/06/2025
72;Barcelona-Esplugues;barcelona-esplugues;20/05/2025;22/05/2025
73;Lisboa-Loures;lisboa-loures;20/05/2025;27/05/2025
74;Barcelona-Premià de Dalt II;barcelona-premia-de-dalt-ii;12/05/2025;13/05/2025
75;Aveiro-Esmoriz;aveiro-esmoriz;09/05/2025;13/05/2025
76;Fuengirola-Buganvillas;fuengirola-buganvillas;07/05/2025;07/05/2025
77;Sevilla-Alcázar;sevilla-alcazar;25/04/2025;29/04/2025
78;Málaga – Calahonda Sunset;malaga-calahonda-sunset;23/04/2025;24/04/2025
79;Alicante-Lomas de las Lagunas;alicante-lomas-de-las-lagunas;21/04/2025;23/04/2025
80;Tenerife-La Orotava;tenerife-la-orotava;10/04/2025;29/04/2025
81;Marbella-Milla de Oro;marbella-milla-de-oro;09/04/2025;20/05/2025
82;Madrid-Móstoles;madrid-mostoles;09/04/2025;15/04/2025
83;Murcia-Santa Rosalía Lake;regiondemurcia-santa-rosalia-lake;01/04/2025;15/04/2025
84;Madrid-La Dehesa;madrid-la-dehesa;31/03/2025;15/04/2025
85;Menorca-Son Parc;menorca-son-parc;24/03/2025;15/04/2025
86;Madrid-Alcorcón;madrid-alcorcon;24/03/2025;15/04/2025
87;Vizcaya-Ermua;vizcaya-ermua;18/03/2025;15/04/2025
88;Madrid-Guindalera;madrid-guindalera;18/03/2025;15/04/2025
89;Valencia-Centro;valencia-centro;11/03/2025;15/04/2025
90;Menorca-Coves Noves;menorca-coves-noves;11/03/2025;15/04/2025
91;Madrid-San Sebastián de los Reyes;madrid-san-sebastian-de-los-reyes;07/03/2025;15/04/2025
92;Marbella-Los Naranjos II;marbella-los-naranjos-ii;04/03/2025;15/04/2025
93;Granada-Hotel Inglaterra;granada-hotel-inglaterra;20/02/2025;15/04/2025
94;Málaga – Mijas Las Lagunas;malaga-parque-lagunas;18/02/2025;15/04/2025
95;Barcelona-Teià II;barcelona-teia-ii;12/02/2025;15/04/2025
96;Madrid – General Ricardos;madrid-general-ricardos;06/02/2025;15/04/2025
97;Madrid-Almagro;madrid-almagro;23/01/2025;15/04/2025
98;Madrid-La Fortuna;madrid-la-fortuna;22/01/2025;15/04/2025
99;Guadalajara-Aguas Vivas 2.0;guadalajara-aguasvivas-2-0;22/01/2025;15/04/2025
100;Cádiz-Jerez de la Frontera;cadiz-jerez-de-la-frontera;21/01/2025;15/04/2025
101;Ibiza-Port de San Miguel;ibiza-puerto-san-miguel;14/01/2025;15/04/2025
102;Oporto-Golden Coast;oporto-golden-coast;08/01/2025;15/04/2025
103;Jerez de la Frontera;jerezdelafrontera;31/12/2024;30/12/2025
104;Mallorca-Terra Calma;mallorca-terracalma;30/12/2024;15/04/2025
105;Madrid-Sierra Elvira;madrid-sierra-elvira;23/12/2024;11/06/2025
106;Madrid-Valdecarros;madrid-valdecarros;12/12/2024;15/04/2025
107;Mallorca-Sencelles;mallorca-sencelles;04/12/2024;15/04/2025
108;Valladolid-El Peral II;valladolid-el-peral-ii;29/11/2024;15/04/2025
109;Madrid-La Moraleja;madrid-la-moraleja;27/11/2024;15/04/2025
110;Valencia;valencia;23/11/2024;11/02/2026
111;Alentejo Sines II;sines-fase-2;20/11/2024;25/09/2025
112;Valladolid-El Peral;valladolid-el-peral;18/11/2024;15/04/2025
113;Oporto-Boavista;oporto-boavista;11/11/2024;15/04/2025
114;Sevilla;cadiz;11/11/2024;24/10/2025
115;Madrid-Nueva Numancia;madrid-nueva-numancia;31/10/2024;15/04/2025
116;Marbella-El Ancla;marbella-el-ancla;28/10/2024;15/04/2025
117;Madrid-Huerta del Obispo;madrid-huerta-del-obispo;24/10/2024;15/04/2025
118;Marbella-Villa Limón;marbella-villa-limon;21/10/2024;15/04/2025
119;Cádiz-La Caleta;cadiz-la-caleta;15/10/2024;15/04/2025
120;Marbella- Los Naranjos;marbella-los-naranjos;15/10/2024;15/04/2025
121;Valencia-Llara Paterna;valencia-paterna-2;10/10/2024;15/04/2025
122;Madrid-Los Berrocales;madrid-los-berrocales;09/10/2024;15/04/2025
123;Barcelona-Premià de Dalt;barcelona-premia-de-dalt;08/10/2024;15/04/2025
124;Madrid;madrid-2;08/10/2024;30/12/2025
125;Oporto-Gaia;oporto-gaia;03/10/2024;15/04/2025
126;Barcelona-Teià;barcelona-teia;30/09/2024;15/04/2025
127;Madrid-La Tejera;madrid-la-tejera;23/09/2024;15/04/2025
128;Cádiz-Sancti Petri;cadiz-sancti-petri;19/09/2024;15/04/2025
129;Marbella-Aldea Blanca;marbella-aldea-blanca;04/09/2024;15/04/2025
130;Madeira – Villa Saudade II;madeira-villa-saudade-2;27/08/2024;15/04/2025
131;Madrid-San Bernardo;madrid-san-bernardo;07/08/2024;15/04/2025
132;Madrid-Embajadores;madrid-embajadores;05/08/2024;15/04/2025
133;Lisboa;lisboa-3;02/08/2024;20/01/2026
134;Cádiz-El Puerto de Sta. María;cadiz-el-puerto-de-santa-maria;29/07/2024;15/04/2025
135;Marbella-La Quinta;marbella-la-quinta;24/07/2024;15/04/2025
136;Valencia-La Cañada II;valencia-la-canada-ii;17/07/2024;15/04/2025
137;Madrid-Puerta de Hierro;madrid-puerta-de-hierro;04/07/2024;15/04/2025
138;Málaga-Catedral;malaga-catedral;01/07/2024;15/04/2025
139;Valencia-Estación;valencia-estacion;24/06/2024;15/04/2025
140;Oporto-Edificio Azul;oporto-edificio-azul;20/06/2024;15/04/2025
141;Estepona-Puerta del Mar;estepona-puertadelmar;10/06/2024;15/04/2025
142;Alicante-Jávea;alicante-javea;03/06/2024;15/04/2025
143;Madrid-Valdemarín;madrid-valdemarin;28/05/2024;15/04/2025
144;Málaga-Ciudad Universitaria;malaga-ciudad-universitaria-2;23/05/2024;15/04/2025
145;Madeira-Villa Saudade;madeira-villa-saudade;21/05/2024;15/04/2025
146;Alicante-La Herrada II;alicante-la-herrada-2;16/05/2024;15/04/2025
147;Madrid-Puerta de Alcalá;madrid-puerta-de-alcala;13/05/2024;15/04/2025
148;Marbella-El Herrojo;marbella-el-herrojo;19/04/2024;15/04/2025
149;Málaga-Ciudad Universitaria II;malaga-ciudad-universitariab;10/04/2024;15/04/2025
150;Oporto-Gaia;porto-gaia;10/04/2024;15/04/2025
151;Málaga-Ciudad Universitaria;malaga-ciudad-universitaria;03/04/2024;15/04/2025
152;Barcelona-Sitges;barcelona-sitges;22/03/2024;15/04/2025
153;Torres Vedras-Playa Sta. Rita;torres-vedras-santa-rita;29/02/2024;15/04/2025
154;Marbella-Nueva Andalucía;marbella-nueva-andalucia;20/02/2024;15/04/2025
155;Madrid-San Isidro;madrid-san-isidro;08/02/2024;15/04/2025
156;Valencia-La Cañada;valencia-la-canada;30/01/2024;15/04/2025
157;Oporto;oporto-2;29/01/2024;30/12/2025
158;Madrid-Sagasta;madrid-sagasta;18/01/2024;15/04/2025
159;Murcia-Santa Rosalía;murcia-santa-rosalia;15/01/2024;15/04/2025
160;Madrid-Cobeña;madrid-cobena;21/12/2023;15/04/2025
161;Madrid-Edificio Mallorca;madrid-s-sebastian-de-los-reyes;11/12/2023;15/04/2025
162;Guadalajara-Aguas Vivas;guadalajara-aguas-vivas;01/12/2023;15/04/2025
163;Madrid-Live Colmenar;madrid-live-colmenar;30/11/2023;15/04/2025
164;Parque Mágicas Navidades;parque-magicas-navidades;21/11/2023;15/04/2025
165;Barcelona-Sant Cugat;barcelona-sant-cugat;15/11/2023;15/04/2025
166;Lisboa-Sintra;lisboa-sintra;14/11/2023;15/04/2025
167;Cádiz-Palacio Congresos;cadiz-palacio-congresos;02/11/2023;15/04/2025
168;Oporto-Gaia;oporto-gaia-2;26/10/2023;15/04/2025
169;;oporto;19/10/2023;25/06/2024
170;Valencia-Bétera;valencia-betera;10/10/2023;15/04/2025
171;Alicante-La Herrada;alicante-la-herrada;03/10/2023;15/04/2025
172;Málaga-Mijas;malaga-mijas;29/09/2023;15/04/2025
173;Madrid-Plaza España 12-15;madrid-plaza-espana-12-15-2;27/09/2023;15/04/2025
174;Mallorca;mallorca-2;18/09/2023;20/02/2026
175;Islas Canarias;islas-canarias;18/09/2023;15/04/2025
176;Madrid-Las Rozas;madrid-las-rozas;06/09/2023;15/04/2025
177;Madrid-Villalba III;madrid-villalba-iii;29/08/2023;15/04/2025
178;Madrid-Olivo de Colmenar;madrid-olivo-de-colmenar;07/08/2023;15/04/2025
179;Alicante-La Marquesa;alicante-la-marquesa;18/07/2023;15/04/2025
180;Madrid-Sagrado Corazón;madrid-sagrado-corazon;11/07/2023;15/04/2025
181;Madrid-Arturo Soria;madrid-arturo-soria;05/07/2023;15/04/2025
182;Madrid-Butarque;madrid-butarque;14/06/2023;15/04/2025
183;Tarragona-Costa Dorada;tarragona-costa-dorada;31/05/2023;16/07/2025
184;Alicante-Los Montesinos;alicante-los-montesinos;08/05/2023;15/04/2025
185;Alicante-Alfaz del Pi;alicante-alfaz-del-pi;20/04/2023;15/04/2025
186;Madrid-Claudio Coello 55;madrid-claudio-coello-55;19/02/2023;15/04/2025
187;Madrid-Ardemans 58;madrid-ardemans-58;19/02/2023;15/04/2025
188;Marbella-Villa Mimosas;marbella-villa-mimosas;19/02/2023;15/04/2025
189;Madrid-FRYG 5;madrid-fryg-5;19/02/2023;15/04/2025
190;Madrid-Alcobendas;madrid-alcobendas-alava14;17/02/2023;15/04/2025
191;Madrid-Alcalá 358;madrid-alcala-358;17/02/2023;15/04/2025
192;Madrid-Max Aub 5;madrid-max-aub-5;17/02/2023;15/04/2025
193;Madrid-Edificio Marina;madrid-edificio-marina;16/02/2023;15/04/2025
194;Madrid-Plaza España 12-15;madrid-plaza-espana-12-15;16/02/2023;15/04/2025
195;Baiona & Ribeira Sacra;baiona-ribeira-sacra;16/02/2023;15/04/2025
196;Madrid-Villalba I;madrid-villalba-i;16/02/2023;15/04/2025
197;Madrid-El jardín;madrid-el-jardin;15/02/2023;15/04/2025
198;Marbella-Villa Lipto I;marbella-villa-lipto-i;15/02/2023;15/04/2025
199;Valencia-El Puig;valencia-el-puig;15/02/2023;15/04/2025
200;Madrid-Ardemans 62;madrid-ardemans-62;15/02/2023;15/04/2025
201;Madrid-Gran Vía;madrid-gran-via;15/02/2023;15/04/2025
202;Valencia-Paterna;valencia-paterna;13/02/2023;15/04/2025
203;Madrid-Plaza España 2-15;madrid-plaza-espana-2-15;12/02/2023;15/04/2025
204;Oviedo-Mariscal;oviedo-mariscal;12/02/2023;15/04/2025
205;Madrid-Aravaca;madrid-aravaca;12/02/2023;15/04/2025
206;Marbella-Camoján;marbella-camojan;12/02/2023;15/04/2025
207;Madrid-Ruiz Palacios;madrid-ruiz-palacios;12/02/2023;15/04/2025
208;Marbella-Villa Lipto II;marbella-villa-lipto-ii;11/02/2023;15/04/2025
209;Madrid-Valdebebas;madrid-valdebebas;11/02/2023;15/04/2025
210;Madrid-Pozuelo;madrid-pozuelo;11/02/2023;15/04/2025
211;Alicante;alicante;11/02/2023;15/04/2025
212;Málaga-Torremolinos;malaga-torremolinos;11/02/2023;15/04/2025
213;Madrid;madrid;11/02/2023;15/04/2025
214;Madrid-Test 1;madrid-centro;19/01/2023;15/04/2025
215;Madrid Test 2;madrid-test-2;19/01/2023;15/04/2025
216;Madrid-Villalba II;madrid-villalba-ii;16/01/2023;15/04/2025
